{
  "access_log": {
    "33a68d97": [
      1781469814.11615
    ],
    "a2314b54": [
      1781469833.53817
    ],
    "0101313a": [
      1781469908.570727
    ],
    "ca05d09a": [
      1781469908.575016
    ],
    "59f4f2f0": [
      1781469908.577517
    ],
    "fcca608d": [
      1781469908.582073
    ],
    "b33009a8": [
      1781469930.993677
    ],
    "98415680": [
      1781469930.999781
    ],
    "c84b3d4b": [
      1781470761.70727
    ],
    "369b263d": [
      1781481106.143094
    ],
    "7c1af529": [
      1781482129.335739
    ],
    "ef836ffd": [
      1781482129.349153
    ],
    "4ed7405d": [
      1781482129.359639
    ],
    "c0ff0655": [
      1781482129.368607
    ],
    "41518b06": [
      1781482129.378038
    ],
    "c01cb203": [
      1781482129.386645
    ],
    "c89c75dc": [
      1781482129.396282
    ],
    "d169abbf": [
      1781482129.40509
    ],
    "c5bf6ecd": [
      1781482129.415141
    ],
    "c01ab69e": [
      1781482129.424829
    ],
    "d7a1c707": [
      1781486856.931286
    ],
    "5be70818": [
      1781486856.958813
    ],
    "cc03e7f2": [
      1781486856.979319
    ],
    "02ec88e9": [
      1781486856.999371
    ],
    "2f027ea0": [
      1781486857.021461
    ],
    "2c3f4f54": [
      1781489236.143066
    ],
    "9d2241c9": [
      1781489236.172756
    ],
    "2f9fd2ff": [
      1781489236.201711
    ],
    "0ec0ae8c": [
      1781489236.233001
    ],
    "fdea4e14": [
      1781489236.26319
    ],
    "75316a38": [
      1781489467.13479
    ],
    "dd124f2d": [
      1781489467.161745
    ],
    "ba26ca41": [
      1781489467.189663
    ],
    "ccb8319b": [
      1781489742.168827
    ],
    "f51bec45": [
      1781489742.20612
    ],
    "14023b3d": [
      1781489849.141274
    ],
    "fbaedb56": [
      1781491781.133938
    ],
    "c8511ef4": [
      1781497260.396788
    ],
    "7c1f80f1": [
      1781497260.44365
    ],
    "682b4877": [
      1781498244.262787
    ],
    "0dfe1ec4": [
      1781498244.365761
    ],
    "cfbf661f": [
      1781498244.453801
    ],
    "d43218f7": [
      1781498444.076553
    ],
    "73e5698f": [
      1781512917.805078
    ],
    "adf2618d": [
      1781520275.43248
    ],
    "dbf8c5de": [
      1781520795.194932
    ],
    "d281ca5d": [
      1781520820.524686
    ],
    "494f314c": [
      1781520820.964556
    ],
    "8fccd007": [
      1781520821.415033
    ],
    "633fbbb3": [
      1781538189.475506
    ],
    "fd5587d7": [
      1781547589.398655
    ],
    "d959d6ac": [
      1781547589.494366
    ],
    "6875a369": [
      1781547589.574198
    ],
    "989f51ae": [
      1781547590.393553
    ],
    "09ed829c": [
      1781547590.480522
    ],
    "64dfb26a": [
      1781563915.283645
    ],
    "4761351c": [
      1781569318.09392
    ],
    "ce2cb83b": [
      1781569318.205038
    ],
    "63dae653": [
      1781569386.47675
    ],
    "287ec418": [
      1781579107.346177
    ],
    "472e1559": [
      1781579293.763945
    ],
    "c470ba6a": [
      1781588143.8274
    ],
    "73300ba3": [
      1781588329.427924
    ],
    "62eb00df": [
      1781589568.7812
    ],
    "dbed2768": [
      1781589925.476834
    ],
    "bc61fa9e": [
      1781589925.887902
    ],
    "80080586": [
      1781589926.415994
    ],
    "8b599dde": [
      1781589926.921844
    ],
    "722096fe": [
      1781589927.343397
    ],
    "1122012f": [
      1781591256.327888
    ],
    "aaae5d69": [
      1781591889.483347
    ],
    "6f50d811": [
      1781592251.862611
    ],
    "6326d1c6": [
      1781592321.298711
    ],
    "862b2cb4": [
      1781593195.043022
    ],
    "8f8434d0": [
      1781593216.247794
    ],
    "067e0850": [
      1781599044.268169
    ],
    "67ce43df": [
      1781599367.778767
    ],
    "cc2f81d9": [
      1781600881.356006
    ],
    "548968c3": [
      1781603503.831017
    ],
    "b04798c7": [
      1781603989.586996
    ],
    "18d76aab": [
      1781604021.778789
    ],
    "7e4851e3": [
      1781604038.995589
    ],
    "6b05e1e9": [
      1781652248.252588
    ],
    "cf4cd700": [
      1781652248.470639
    ],
    "ecf91bbd": [
      1781652248.810013
    ],
    "0f8707b7": [
      1781652249.771704
    ],
    "719fd6f1": [
      1781652252.426024
    ],
    "c6f21f1a": [
      1781652253.088146
    ],
    "ebd76ed1": [
      1781655988.999163
    ],
    "4e2d44fb": [
      1781657950.74405
    ],
    "09e50584": [
      1781660184.520765
    ],
    "d9b38e51": [
      1781660461.568343
    ],
    "4be4b32a": [
      1781660768.674165
    ],
    "8dfbaadf": [
      1781661130.743594
    ],
    "f6186671": [
      1781665166.57429
    ],
    "11e04c39": [
      1781681257.427867
    ],
    "4a363c10": [
      1781682629.28209
    ],
    "0db0929b": [
      1781682680.320321
    ],
    "a3cfc588": [
      1781741106.63796
    ],
    "fb1ff03a": [
      1781741106.660756
    ],
    "2bf0d390": [
      1781741106.684056
    ],
    "7792d5b6": [
      1781741106.708145
    ],
    "dd7a2023": [
      1781741106.730968
    ],
    "359be95c": [
      1781741106.755811
    ],
    "1c538812": [
      1781741106.781921
    ],
    "bf51979a": [
      1781741106.81653
    ],
    "ace42575": [
      1781741106.852107
    ],
    "986c36f5": [
      1781741106.88066
    ],
    "292b6e29": [
      1781741106.912412
    ],
    "a466af4f": [
      1781741106.946841
    ],
    "20370e30": [
      1781741106.978874
    ],
    "309013cc": [
      1781741107.011222
    ],
    "f7546967": [
      1781741107.04469
    ],
    "5cbf9e87": [
      1781741107.075947
    ],
    "75f7fd0e": [
      1781741107.107781
    ],
    "c959b654": [
      1781741107.140836
    ],
    "26fd1f4b": [
      1781741107.179848
    ],
    "8133615a": [
      1781741107.218102
    ],
    "dba0fab7": [
      1781741107.258987
    ],
    "41615dc8": [
      1781741107.306532
    ],
    "29236994": [
      1781741107.36178
    ],
    "dfdfc412": [
      1781741107.417672
    ],
    "524724f4": [
      1781741107.458839
    ],
    "ba3bf6b1": [
      1781741107.508019
    ],
    "99117eb2": [
      1781741107.547993
    ],
    "abf24617": [
      1781741107.58453
    ],
    "afaa7bec": [
      1781741107.627763
    ],
    "28a3ddc8": [
      1781741107.674515
    ],
    "8fa7c82c": [
      1781741107.72103
    ],
    "9d94c44f": [
      1781741107.766943
    ],
    "ddc142d2": [
      1781741107.826988
    ],
    "668eaf8c": [
      1781741107.878148
    ],
    "1375492c": [
      1781741107.929705
    ],
    "b554bddb": [
      1781741107.989374
    ],
    "1fbda82e": [
      1781741108.045148
    ],
    "a8e17717": [
      1781741108.095576
    ],
    "7b050b47": [
      1781741108.148769
    ],
    "1c3429e5": [
      1781741108.204158
    ],
    "3c2bbcbc": [
      1781741111.457441
    ],
    "413c29e3": [
      1781741111.509847
    ],
    "e25b7ddb": [
      1781741111.575006
    ],
    "abac11a3": [
      1781741111.636891
    ],
    "c33d0e1d": [
      1781741111.698807
    ],
    "5c03efd3": [
      1781741111.764475
    ],
    "c8ce0a52": [
      1781741111.813628
    ],
    "c3c88e54": [
      1781792355.060993
    ],
    "1d6ca2c7": [
      1781841423.666996
    ],
    "65bc26dc": [
      1781841423.833256
    ],
    "a48c12f0": [
      1781841424.00419
    ],
    "4f299b83": [
      1781841424.221217
    ],
    "fb3845fc": [
      1781841424.458211
    ],
    "856de3a5": [
      1781841424.655593
    ],
    "f06e75e8": [
      1781841424.848273
    ],